file,headline,sentiment,reason,market_date,sp500_change_pct,market_direction
wallstreetjournal_20251104_TheWallStreetJournal.webp,Travel Industry Sounds Alarm Over Shutdown,negative,"The headline suggests concerns and potential problems within the travel industry due to a shutdown, and the image shows grounded planes, reinforcing a negative outlook for the sector.",2025-11-04,-1.17,down
wallstreetjournal_20251105_TheWallStreetJournal.webp,Mamdani Leads Democratic Wins,neutral,"The headline focuses on political outcomes, not the stock market directly. While political events can influence the market, this particular headline does not clearly indicate a positive or negative sentiment toward the stock market.",2025-11-05,+0.37,up
wallstreetjournal_20251106_TheWallStreetJournal.webp,Court Airs Skepticism on Tariffs,negative,"The headline indicates that the Supreme Court is questioning the legality of Trump's tariffs, which is generally seen as a negative development for the stock market as tariffs can disrupt international trade and increase costs for businesses.",2025-11-06,-1.12,down
wallstreetjournal_20251107_TheWallStreetJournal.webp,"Air-Traffic Cuts Slam Travelers, Raise Pressure to End Shutdown",negative,"The headline discusses air-traffic cuts that will negatively impact travelers, stemming from a government shutdown, thus indicating uncertainty and disruption in the economy and the markets. The image on the front page is not related to the stock market, which means the headline dictates the sentiment.",2025-11-07,+0.13,up
wallstreetjournal_20251108_TheWallStreetJournal.webp,AI Boom Gets Dose Of Reality On Wall Street,negative,"The headline suggests that the hype surrounding AI may be overblown and that tech stocks are facing downward pressure due to concerns about stretched valuations, indicating a negative outlook for the stock market.",2025-11-10,+1.54,up
wallstreetjournal_20251110_TheWallStreetJournal.webp,Markets Hold Back Rewards for Solid Earnings,negative,"The headline states that despite companies having a good earnings season, the market has ""shrugged"" it off and investors aren't being moved by the positive results. This indicates a negative sentiment as good performance isn't translating to market gains. The article discusses concerns that tech companies are overspending on AI initiatives which pulled the Nasdaq Composite Index into its biggest weekly decline since April, reflecting this negative market trend.",2025-11-10,+1.54,up
wallstreetjournal_20251111_TheWallStreetJournal.webp,"Shareholders Drive Economy, But Everyone Else Is Wary",negative,"The headline suggests that while shareholders are doing well, there's general economic uncertainty and unease among the wider population.",2025-11-11,+0.21,up
wallstreetjournal_20251112_TheWallStreetJournal.webp,December Rate-Cut Decision Divides The Fed,negative,"The headline indicates uncertainty and division within the Federal Reserve regarding future interest rate cuts, and the first paragraph explicitly states that disagreement between officials fuels concern of persistent inflation.",2025-11-12,+0.06,up
wallstreetjournal_20251113_TheWallStreetJournal.webp,"After 232 Years, U.S. Is Down to the Last Penny",negative,"The headline and image (a hand holding a single penny, followed by a container of pennies, meant to convey all the last pennies) suggest a negative outlook for the U.S. economy, implying it's struggling and potentially facing financial difficulties.",2025-11-13,-1.66,down
wallstreetjournal_20251114_TheWallStreetJournal.webp,Rally Unwinds on Tech Fears,negative,"The headline explicitly states that a rally is unwinding and that tech fears are the cause, suggesting a downturn. The graph shows that all indices are decreasing.",2025-11-14,-0.05,down
wallstreetjournal_20251115_TheWallStreetJournal.webp,Buy-the-Dip Investors Rescue Market From a Dismal Week,positive,"The headline suggests the market, while initially having a bad week, was rescued by investors buying the dip, which is a positive indicator. While the main image depicts the war in Ukraine, it is distinct from the market headline and image, so it is discounted.",2025-11-17,-0.92,down
wallstreetjournal_20251117_TheWallStreetJournal.webp,The Bond Market Is Headed For Its Best Year Since 2020,positive,"The headline highlights strong performance in the bond market, and the front page also mentions positive Dow Jones and NASDAQ numbers, indicating a generally positive outlook.",2025-11-17,-0.92,down
wallstreetjournal_20251118_TheWallStreetJournal.webp,Market Selloff Deepens As Tech Slumps,negative,"The headline indicates a market selloff, particularly in tech stocks, which is generally a negative indicator for the stock market. The image shows people protesting which can be a sign of political or economic instability.",2025-11-18,-0.83,down
wallstreetjournal_20251119_TheWallStreetJournal.webp,Meta Wins FTC Suit Alleging It Is a Monopoly,positive,"The headline explicitly states that Meta (Facebook) won a lawsuit, which is generally viewed as a positive event for the company and can positively influence the market's perception of the stock.",2025-11-19,+0.38,up
wallstreetjournal_20251120_TheWallStreetJournal.webp,"Nvidia Posts 62% Sales Rise, Easing AI Fears",positive,"The headline explicitly states a positive development (62% sales rise) and indicates a calming effect on concerns related to the AI market, suggesting a positive outlook for the stock market.",2025-11-20,-1.56,down
wallstreetjournal_20251121_TheWallStreetJournal.webp,Middle Class Is Buckling Under Financial Strain From Inflation,negative,"The headline explicitly states that the middle class is struggling due to inflation, suggesting economic hardship and potential market instability.",2025-11-21,+0.98,up
wallstreetjournal_20251122_TheWallStreetJournal.webp,Year of Crypto Comes Crashing Down,negative,"The headline clearly indicates a negative trend in the cryptocurrency market, suggesting a downturn and potential losses for investors. The image supports this by showing the recent struggles of Bitcoin.",2025-11-24,+1.55,up
wallstreetjournal_20251124_TheWallStreetJournal.webp,Flood of AI Bonds Heightens Market Pressure,negative,"The headline indicates pressure on the market from AI bonds, and the subheadline and article excerpt points to rising investor anxieties about stock valuations. This indicates a negative sentiment for the stock market.",2025-11-24,+1.55,up
wallstreetjournal_20251125_TheWallStreetJournal.webp,"Comey, James Cases Are Tossed",neutral,"The headline focuses on legal cases being dismissed, which doesn't have a direct, clear implication for the stock market's overall direction. The image of Thanksgiving turkeys at the White House is similarly apolitical for the stock market.",2025-11-25,+0.91,up
wallstreetjournal_20251126_TheWallStreetJournal.webp,"As Small Investors Crave Risk, Robinhood Amps Up Offerings",positive,"The headline suggests that investors are willing to take on risk, and that Robinhood is expanding its offerings to meet that demand. This is generally a sign of a healthy, growing stock market, as risk appetite often correlates with positive market sentiment. The image is of people traveling, which does not directly correlate to the stock market, so the headline is considered more heavily.",2025-11-26,+0.69,up
wallstreetjournal_20251128_TheWallStreetJournal.webp,Slinging Cheer at Thanksgiving Day Parade,neutral,"The headline and the image both depict a festive event, the Thanksgiving Day parade. This suggests a generally positive, or at least not negative, atmosphere, but it doesn't necessarily reflect the stock market's performance or future outlook, hence 'neutral'.",2025-11-28,+0.54,up
wallstreetjournal_20251129_TheWallStreetJournal.webp,S&P 500 And Dow Eke Out Monthly Gains,positive,"The headline suggests positive market performance, indicating that the indexes have recovered lost ground.",2025-12-01,-0.53,down
wallstreetjournal_20251201_TheWallStreetJournal.webp,Russia Dangles Business Ties To U.S. at Europe's Expense,negative,"The headline suggests potential geopolitical tensions and economic manipulation, which could create instability and uncertainty in the market.",2025-12-01,-0.53,down
wallstreetjournal_20251202_TheWallStreetJournal.webp,Crypto Selloff Worsens In Retreat From Risk,negative,"The headline states a worsening crypto selloff and retreat from risk, while the accompanying image highlights the decline in Bitcoin. This indicates a negative sentiment for the stock market, especially concerning riskier assets like cryptocurrencies.",2025-12-02,+0.25,up
wallstreetjournal_20251203_TheWallStreetJournal.webp,"U.S. Envoys, Putin Discuss Groundwork for Ending War",positive,"The headline suggests progress towards ending the war in Ukraine, which would generally be viewed as positive news for global stability and the stock market. The image depicts diplomats, which signals a move towards peace talks.",2025-12-03,+0.30,up
wallstreetjournal_20251204_TheWallStreetJournal.webp,Drums of War Feel Distant in Strapped Caracas,neutral,"The headline and image suggest a sense of normalcy in Caracas despite economic challenges (strapped) and U.S. threats, suggesting resilience, not necessarily positive or negative market sentiment but a sense of calm amid potential turmoil.",2025-12-04,+0.11,up
wallstreetjournal_20251205_TheWallStreetJournal.webp,U.S. stocks ended mixed,neutral,"The headline ""U.S. stocks ended mixed"" indicates a lack of strong positive or negative movement in the market, suggesting a neutral sentiment. The accompanying data notes that the S&P 500 and Nasdaq were up slightly, and the Dow was down slightly. This mixed performance further reinforces the neutral sentiment.",2025-12-05,+0.19,up
wallstreetjournal_20251206_TheWallStreetJournal.webp,Netflix Sets Deal for Warner Bros.,positive,"Deals like this tend to boost stocks involved, with investors hoping for increased value and profits.",2025-12-08,-0.35,down
wallstreetjournal_20251208_TheWallStreetJournal.webp,American Consumers Sour On the Economy's Trajectory,negative,"The headline indicates that American consumers are feeling negative about the economy's future and the front page image portrays veterans looking somber, furthering a more negative sentiment overall.",2025-12-08,-0.35,down
wallstreetjournal_20251209_TheWallStreetJournal.webp,"Despite U.S. Tariffs, China Enjoys Manufacturing Boom",positive,"The headline suggests that despite economic challenges, China's manufacturing sector is thriving. This implies strong economic activity and resilience, which could positively influence global markets and investor confidence.",2025-12-09,-0.09,down
wallstreetjournal_20251210_TheWallStreetJournal.webp,Trump's Shift on Nvidia Chips Bolsters China's AI Ambitions,negative,"The headline and the image of people fleeing fighting suggests economic uncertainty and geopolitical tensions, which typically negatively impact the stock market.",2025-12-10,+0.67,up
wallstreetjournal_20251211_TheWallStreetJournal.webp,"Fed Cuts Rates, Signals a Pause",positive,"The headline indicates the Federal Reserve is cutting interest rates, which is generally seen as a positive sign for the stock market as it can stimulate economic growth. The subtext of 'signals a pause' suggests they are confident in the decision and believe the economy is stable enough that further cuts may not be necessary. This adds to the positive sentiment.",2025-12-11,+0.21,up
wallstreetjournal_20251212_TheWallStreetJournal.webp,Floods Bring Evacuation Order in Pacific Northwest,negative,"The headline reports floods causing evacuations, and the accompanying image depicts a flooded residential area. This suggests potential economic disruption and property damage, creating a negative outlook.",2025-12-12,-1.07,down
wallstreetjournal_20251213_TheWallStreetJournal.webp,U.S. Sends in More Firepower To Turn Up Heat on Venezuela,negative,"Escalating tensions between the U.S. and Venezuela suggests potential geopolitical instability, which often negatively impacts the stock market due to uncertainty and risk aversion.",2025-12-15,-0.16,down
wallstreetjournal_20251215_TheWallStreetJournal.webp,Transportation Stocks Rally In Bullish Signal for Economy,positive,The headline suggests an optimistic outlook for the economy based on the performance of transportation stocks. The image is not relevant to stock market sentiment.,2025-12-15,-0.16,down
wallstreetjournal_20251216_TheWallStreetJournal.webp,"Ford Takes Costly Hit On EVs, Will Shift Lineup",negative,"The headline indicates that Ford is taking a substantial financial hit due to its electric vehicle business, which suggests a slowdown in the growth and profitability of the EV market, reflecting a potential downturn for related stocks. Ford Motor expects a $19.5 billion charge and is pivoting back to traditional and hybrid vehicles.",2025-12-16,-0.24,down
wallstreetjournal_20251217_TheWallStreetJournal.webp,Unemployment Rises Despite Job Gains,negative,"The headline and the graph indicating unemployment rising, despite some job gains, points to underlying economic weakness. This suggests potential problems for the stock market.",2025-12-17,-1.16,down
wallstreetjournal_20251218_TheWallStreetJournal.webp,Wall Street Gets Early Taste Of Hot Year Expected for IPOs,positive,The headline indicates optimism about the IPO market for the coming year.,2025-12-18,+0.79,up
wallstreetjournal_20251219_TheWallStreetJournal.webp,"Inflation Cools, but Data Has Gaps",negative,"While the headline indicates cooling inflation which could be seen as positive, the qualifying phrase 'but Data Has Gaps' introduces uncertainty and suggests that the reported inflation numbers might not be entirely reliable. This creates a negative sentiment.",2025-12-19,+0.88,up
wallstreetjournal_20251220_TheWallStreetJournal.webp,Tesla Wins Fight Over Musk Pay,positive,"The headline ""Tesla Wins Fight Over Musk Pay"" suggests a positive outcome for Tesla, which could be seen favorably by investors. The front page also details how major U.S. stock indexes rose on Friday with the S&P 500, Nasdaq and Dow Industrials all advancing.",2025-12-22,+0.64,up
wallstreetjournal_20251222_TheWallStreetJournal.webp,Vance Rallies the Right as His Allies Look to '28,positive,"The headline suggests a positive outlook for Vance and his allies, implying potential future success, which can be interpreted as a positive sign for the political and economic landscape, as markets react to such shifts.",2025-12-22,+0.64,up
wallstreetjournal_20251223_TheWallStreetJournal.webp,Car Bomb Kills a Russian General in Moscow,negative,"The main headline and image depict a violent event, which creates a negative atmosphere for the stock market.",2025-12-23,+0.46,up
wallstreetjournal_20251224_TheWallStreetJournal.webp,Consumers Fuel Surge in Growth,positive,"The headline indicates that consumer spending is driving economic growth, which is generally a positive sign for the stock market.",2025-12-24,+0.32,up
wallstreetjournal_20251226_TheWallStreetJournal.webp,"Economic Divide in U.S. Widens Between Big, Small Businesses",negative,"The headline focuses on the widening economic divide between large and small businesses, suggesting a potentially difficult environment for small businesses, which is generally negative for the overall economy and stock market sentiment.",2025-12-26,-0.03,down
wallstreetjournal_20251227_TheWallStreetJournal.webp,U.S.'s Missile Strikes in Nigeria Wade Into Fractured Landscape,negative,"The headline describes missile strikes, which is inherently a negative event associated with geopolitical instability and potential economic repercussions. The accompanying image of damaged buildings reinforces this negative sentiment.",2025-12-29,-0.35,down
wallstreetjournal_20251229_TheWallStreetJournal.webp,Trump Cites Progress After Talking to Putin and Zelensky,neutral,"While the headline involves significant geopolitical figures, it does not give an indication of positive or negative market sentiment. It merely reports on diplomatic progress. The image is of Trump and Zelenskyy, reinforcing the headline's topic and also being neutral in tone.",2025-12-29,-0.35,down
wallstreetjournal_20251230_TheWallStreetJournal.webp,Growing Protests Put Pressure on Tehran Regime,negative,"Growing protests and potential political instability can create uncertainty and volatility in financial markets, generally leading to a negative outlook.",2025-12-30,-0.14,down
wallstreetjournal_20251231_TheWallStreetJournal.webp,Stocks Defy Tariff Jitters in '25,positive,"The headline indicates that the stock market is performing well despite concerns about tariffs. The phrase ""defy jitters"" implies resilience and strength in the market. This suggests a positive outlook.",2025-12-31,-0.74,down
wallstreetjournal_20260102_TheWallStreetJournal.webp,Dozens Die in New Year's Eve Fire at Swiss Resort,negative,"The headline and image depict a tragedy, which is generally considered negative and can negatively affect the stock market due to the general environment of investor risk off sentiments.",2026-01-02,+0.19,up
wallstreetjournal_20260103_TheWallStreetJournal.webp,Tesla Loses Crown as Top Seller of EVs,negative,"The headline indicates Tesla is losing its lead in the EV market and the Tesla stock price chart is clearly trending downward. This suggests negative sentiment towards the stock market, at least for Tesla.",2026-01-05,+0.64,up
wallstreetjournal_20260105_TheWallStreetJournal.webp,U.S. Raid Leaves Venezuela in Confusion,negative,"The headline and the image of armed men on motorcycles suggest instability and uncertainty, which is generally viewed negatively by the stock market.",2026-01-05,+0.64,up
wallstreetjournal_20260106_TheWallStreetJournal.webp,"'I Am Innocent,' Maduro Tells Judge",negative,"The headline and accompanying image depict the arrest and arraignment of a political figure, which introduces uncertainty and instability, potentially impacting investor confidence and leading to a negative market sentiment.",2026-01-06,+0.62,up
wallstreetjournal_20260107_TheWallStreetJournal.webp,President's Greenland Demand Spreads Alarm Among Allies,negative,"The headline suggests international tension and potential instability, which is often viewed negatively by the stock market. The image of President Trump also adds an element of uncertainty.",2026-01-07,-0.34,down
wallstreetjournal_20260108_TheWallStreetJournal.webp,"U.S. Seizes Two More Tankers, Adding to Pressure on Caracas",negative,"The headline discusses the seizure of tankers, which indicates geopolitical tensions and potential disruptions to oil supplies, combined with the ICE shooting image is negative for the stock market.",2026-01-08,+0.01,up
wallstreetjournal_20260109_TheWallStreetJournal.webp,Minnesota Says Federal Officials Block State From Shooting Probe,negative,"The headline and accompanying front-page image depict federal agents confronting protestors, suggesting conflict and potential instability. This creates a negative sentiment towards the market as it highlights social and political unrest, which can negatively impact investor confidence and economic stability.",2026-01-09,+0.65,up
wallstreetjournal_20260110_TheWallStreetJournal.webp,"Job Gains Cool, Cap a Weak Year",negative,"The headline indicates slowing job growth and a weak overall year, suggesting potential economic and market challenges.",2026-01-12,+0.16,up
wallstreetjournal_20260112_TheWallStreetJournal.webp,"U.S. Steps Up Iran Planning, Studies Possible Military Action",negative,"The headline suggests potential military conflict with Iran, which typically creates uncertainty and volatility in the stock market, as investors react to geopolitical risks and potential economic disruptions. The image of protestors further reinforces the instability.",2026-01-12,+0.16,up
wallstreetjournal_20260113_TheWallStreetJournal.webp,Fed Chief Hits Back at Trump,negative,"The headline suggests conflict and tension between the Federal Reserve and the President, which is generally viewed negatively by the stock market as it introduces uncertainty and potential instability.",2026-01-13,-0.19,down
wallstreetjournal_20260114_TheWallStreetJournal.webp,"Inflation Holds Steady, Giving Fed Breathing Room",positive,"The headline indicates that inflation is stable, which provides the Federal Reserve with flexibility in its monetary policy, often interpreted as a positive sign for the stock market as it reduces the likelihood of aggressive interest rate hikes.",2026-01-14,-0.53,down
wallstreetjournal_20260115_TheWallStreetJournal.webp,"Iran Suspends Plans to Execute Detained Protesters, Trump Says",neutral,"While the headline discusses a sensitive political issue, it does not have a clear or direct impact on the overall stock market sentiment. The image shows women under a banner with images that relate to the headline. While the news is important, it is focused on a particular geopolitical issue rather than directly impacting financial markets.",2026-01-15,+0.26,up
wallstreetjournal_20260116_TheWallStreetJournal.webp,Deals Power A Record Year for Big Banks,positive,The headline highlights a record year for big banks suggesting strong financial performance and positive market activity.,2026-01-16,-0.06,down
wallstreetjournal_20260117_TheWallStreetJournal.webp,Voters Are Unhappy About Trump's Economy,negative,"The headline explicitly states that voters are unhappy with the economy, and the image is about the economy under Trump, indicating a negative outlook.",2026-01-20,-2.06,down
wallstreetjournal_20260120_TheWallStreetJournal.webp,TCI's Haul of $18.9 Billion Marks Hedge Fund Record,positive,"The headline describes a record year for a hedge fund, suggesting strong performance and positive market conditions. The image of the winning football team is unrelated and should not be used.",2026-01-20,-2.06,down
wallstreetjournal_20260121_TheWallStreetJournal.webp,"Tariff Turmoil Returns, Rattling Markets",negative,"The headline indicates that tariff turmoil is back and is negatively impacting the markets. The image shows a crowd protesting, likely against the policies mentioned in the headline. The article also mentions that stocks, bonds and the dollar went down.",2026-01-21,+1.16,up
wallstreetjournal_20260122_TheWallStreetJournal.webp,"Trump, With Deal in Sight, Backs Off Greenland Threats",positive,"The headline suggests a reduction in geopolitical tensions due to Trump backing off threats, while the ""What's News"" section highlights gains in the S&P 500, Dow, and Nasdaq after the news.",2026-01-22,+0.55,up
wallstreetjournal_20260123_TheWallStreetJournal.webp,President Targets JPMorgan In Suit for $5 Billion,negative,"A lawsuit against a major bank for a large sum suggests potential financial instability or wrongdoing, which is negative for the stock market.",2026-01-23,+0.03,up
wallstreetjournal_20260124_TheWallStreetJournal.webp,Geopolitical Tensions Unleash Roller-Coaster Week in Markets,negative,"The headline refers to geopolitical tensions and a ""roller-coaster week"" which suggests volatility and uncertainty in the market, a negative sentiment.",2026-01-26,+0.50,up
wallstreetjournal_20260126_TheWallStreetJournal.webp,Wall Street Starts to Cool On Formerly Hot Software,negative,"The headline directly states that Wall Street is starting to cool on the software sector, which was previously 'hot'. The accompanying image of downed, ice-covered trees (representing the freeze) also reinforces a negative sentiment. The article discusses how investors are increasingly concerned about AI impacting the software industry.",2026-01-26,+0.50,up
wallstreetjournal_20260127_TheWallStreetJournal.webp,U.S. Digs Out From Monster Winter Storm,neutral,"The headline and image depict the aftermath of a severe winter storm. While disruptive, it doesn't inherently indicate a positive or negative outlook for the stock market.",2026-01-27,+0.41,up
wallstreetjournal_20260128_TheWallStreetJournal.webp,Medicare Rate Plan Rattles Health Insurers,negative,"The headline discusses how health insurers lost $96 billion in market value, indicating a negative outlook for that sector of the stock market. The image is somewhat unrelated to the financial sector, being a news event rather than an indicator of the market.",2026-01-28,-0.01,down
wallstreetjournal_20260129_TheWallStreetJournal.webp,Fed Holds Key Interest Rate Steady,neutral,"The headline indicates the Fed held interest rates steady. The image shows a photo of mourners and a casket, which is unrelated to the economy and suggests an emotionally neutral event, and does not suggest positive or negative sentiment for the stock market.",2026-01-29,-0.13,down
wallstreetjournal_20260130_TheWallStreetJournal.webp,Trump to Pick Warsh to Lead the Fed,positive,"The headline suggests a positive event for the stock market as the selection of a Fed chair is a crucial economic factor. In addition, the nomination of Warsh, a former Fed governor, could indicate a more predictable or market-friendly monetary policy, which is often viewed favorably.",2026-01-30,-0.43,down
wallstreetjournal_20260131_TheWallStreetJournal.webp,Trump's Fed Pick Faces Big Hurdles,neutral,"The headline discusses Trump's nomination for Fed chair and the challenges he may face, which does not explicitly indicate a positive or negative outlook for the stock market. The accompanying image of Kevin Warsh provides visual context for the headline, but does not itself suggest market sentiment.",2026-02-02,+0.54,up
wallstreetjournal_20260202_TheWallStreetJournal.webp,AI Boom Set to Erode Apple's Profit Margins,negative,"The headline focuses on how the AI boom is negatively impacting Apple's profit margins due to increased competition for components. This suggests a potential decline in Apple's financial performance, which is a negative signal for the stock market.",2026-02-02,+0.54,up
wallstreetjournal_20260203_TheWallStreetJournal.webp,Wild Betting Markets Propel Polymarket's 'Truth Machine',neutral,"The headline discusses the rise of Polymarket, a betting platform, but its impact on the overall stock market is not clear. The article mentions both positive developments (Justice Department dropping probe, investment from Trump Jr.) and controversy (manipulation, anonymity).",2026-02-03,-0.84,down
wallstreetjournal_20260204_TheWallStreetJournal.webp,U.S. Manufacturing Is in Retreat,negative,The headline indicates a contraction in the manufacturing sector. The image shows the Russia Ukraine conflict which would have a negative impact on markets.,2026-02-04,-0.51,down
060625_540x.webp,Fiery Trump-Musk Feud Breaks Out,negative,"The headline indicates a conflict between influential figures, and the image shows Coco Gauff winning, which isn't directly related to the stock market. The ""Fiery Trump-Musk Feud"" implies uncertainty and potential market instability, hence a negative sentiment.",2025-06-06,+1.03,up
060725_540x.webp,Hiring Slowed Slightly In May,neutral,"The headline indicates that the job market is cooling off slightly, but not in a drastically negative way. The unemployment rate remains steady, which is a positive sign. The image is unrelated to the headline so it doesn't affect sentiment. Therefore overall sentiment is neutral.",2025-06-09,+0.09,up
060925_540x.webp,"Police, L.A. Protesters Clash After Trump Mobilizes Guard",negative,"The headline and image depict civil unrest and government intervention, suggesting instability and uncertainty, which is generally viewed negatively by the stock market.",2025-06-09,+0.09,up
061025_540x.webp,Marines Sent Into Los Angeles As Blame Traded Over Clashes,negative,"The headline and image depict civil unrest and the deployment of Marines, suggesting instability and potential conflict. This creates a negative outlook for the market, implying uncertainty and risk.",2025-06-10,+0.55,up
061125_540x.webp,U.S. and China Agree to Get Trade Detente Back on Track,positive,"The headline indicates progress in trade relations between the U.S. and China, which is generally viewed as positive for the stock market. The image of candles for a shooting is not about the stock market, so it's the headline that's most relevant. ",2025-06-11,-0.27,down
061225_540x.webp,Weinstein Convicted of Sex Assault in New York,neutral,"The headline and image relate to a legal case and do not directly impact the stock market's sentiment. The ""Muted Inflation Defies Tariff Worries"" headline may be considered slightly positive, but since the image is a person being taken into custody, this is ultimately neutral.",2025-06-12,+0.38,up
061325_540x.webp,Hundreds Dead in India Crash,negative,"The headline describes a major tragedy with a high death toll, and the image shows the wreckage of a plane crash. Both suggest a negative impact on the stock market due to potential economic or industry disruptions (e.g., airlines, insurance).",2025-06-13,-1.13,down
061425_540x.webp,"Stocks Fall Sharply, As Oil Prices Surge",negative,"The headline indicates a downturn in the stock market, with falling stock prices and rising oil prices. The image of an explosion in Tel Aviv suggests increased geopolitical instability, which also contributes to a negative market outlook.",2025-06-16,+0.94,up
061625_540x.webp,"Iran-Israel Conflict Puts Energy Sector, Economy, Markets in Peril",negative,"The headline clearly points to a negative impact on the energy sector, economy, and markets due to the Iran-Israel conflict. The image accompanying the headline showing traffic in Tehran further suggests disruption and uncertainty, reinforcing the negative sentiment.",2025-06-16,+0.94,up
061725_540x.webp,Trump Talks Trade Before Leaving Summit Early,neutral,"The headline indicates discussions on trade which can be interpreted as positive or negative depending on the outcome. The image of Trump with another leader at a G7 summit implies international relations and cooperation which doesn't lean heavily in either direction. Therefore, the overall sentiment is neutral.",2025-06-17,-0.84,down
061825_540x.webp,Trump Weighs Possible Strike on Iran,negative,"The headline and the image of the hockey team celebrating contrast sharply. The headline suggests geopolitical instability and potential conflict. The image depicts a celebratory event (winning the Stanley Cup) which has no obvious correlation to the stock market sentiment but can be interpreted as being a positive event. Because the headline is directly discussing a major geopolitical event (potential military action), its negative implications outweigh the celebratory image, suggesting a negative sentiment for the stock market because geopolitical tensions often lead to market uncertainty and volatility.",2025-06-18,-0.03,down
062025_540x.webp,Juneteenth Crowds Commemorate End of Slavery,neutral,"The headline and image focus on a historical commemoration, which doesn't directly indicate a positive or negative outlook for the stock market. The news is largely unrelated to market performance.",2025-06-20,-0.22,down
062125_540x.webp,A Heat Wave Rolls In Just in Time for Summer,neutral,"The headline and front page image showing people cooling off in the water indicate a neutral stance for the stock market. It focuses on a weather event, not financial news.",2025-06-23,+0.96,up
062325_540x.webp,U.S. Weighs Strikes' Damage in Iran,negative,"The headline and the image, which shows damage to Iranian nuclear facilities from U.S. airstrikes, suggest increased geopolitical tensions and potential instability, which is generally viewed negatively by the stock market.",2025-06-23,+0.96,up
062425_540x.webp,"Oil Drops, Stocks Rise After Attack",positive,"The headline states that 'Oil Drops, Stocks Rise', indicating a positive trend for the stock market. Even though the image shows the 'Remnants of an Iranian missile', the market reaction is positive based on the headline.",2025-06-24,+1.11,up
062525_540x.webp,Iran-Israel Cease-Fire Appears to Hold,negative,"The main headline suggests potential instability, and the image shows destruction and rescuers, indicating a conflict. Both suggest potential market unease.",2025-06-25,-0.00,down
062625_540x.webp,Shell in Early Talks to Buy Rival BP,positive,"The headline suggests potential consolidation and strength in the oil market, which is generally viewed positively by investors. The image shows an upward trending graph labeled ""Market Value"" next to the article. Furthermore, the article mentions the deal could create the largest corporate oil deal since Exxon Mobil.",2025-06-26,+0.80,up
062725_540x.webp,Israel-Iran War Is Realigning Middle East in Unforeseen Ways,negative,The headline directly references an ongoing war situation which typically has a negative effect on market stability due to increased uncertainty.,2025-06-27,+0.52,up
062825_540x.webp,U.S. Cuts Off Trade Talks With Canada,negative,"The headline indicates a breakdown in trade negotiations between the U.S. and Canada, which implies economic uncertainty and potential negative impacts on businesses and markets, the picture of aging soldiers in Ukraine could also be concerning",2025-06-30,+0.52,up
063025_540x.webp,Israel Killed Nuclear Scientists In Iran After Years of Planning,negative,"The headline describes a violent act of killing nuclear scientists, which is generally perceived as negative news. This is likely to cause uncertainty and anxiety within the market.",2025-06-30,+0.52,up
070125_540x.webp,Stocks Sit At Record Highs After Wild Quarter,positive,"The headline indicates a positive market trend with stocks at record highs. While the image shows conflict, the primary focus is on the stock market's performance.",2025-07-01,-0.11,down
070225_540x.webp,Senate Passes President's Megabill,positive,"The headline ""Senate Passes President's Megabill"" paired with the image of the US Capitol suggests that the Senate has successfully passed a significant piece of legislation put forth by the President. This could be seen as a positive sign for market stability as it suggests progress in government and potential for new policies to impact the economy favorably.",2025-07-02,+0.47,up
070325_540x.webp,GOP Infighting Holds Up Bill,negative,"The headline indicates political and legislative uncertainty which could negatively impact market confidence. The front page image depicts a person sleeping, which reinforces a sense of unease and lack of progress.",2025-07-03,+0.83,up
070525_540x.webp,President Signs Megabill Into Law,neutral,"While the signing of a bill could be seen as positive, the article also includes headlines about ""crisis-level budget deficits"" and an ""unpopular bill"", suggesting a mixed or neutral outlook.",2025-07-07,-0.79,down
070725_540x.webp,Texas Rescue Grows Urgent As Toll Mounts,negative,"The main headline describes a tragic event with a growing death toll due to floods in Texas, and the associated image shows rescue workers amidst debris from the floods. Both indicate a negative situation, which would likely have a negative impact on investor sentiment.",2025-07-07,-0.79,down
070825_540x.webp,Wall Street Feels New Tariff Tension,negative,The headline and the article discuss new tariff tensions and how stocks slipped as a result of Trump moving trade tensions back to the forefront. The front-page image showing a grim discovery of bodies during a flood also contributes to the negative sentiment.,2025-07-08,-0.07,down
070925_540x.webp,"President Plans Copper Tariff, Sends Metal to a Record High",negative,"The headline indicates potential trade tensions and tariffs which are typically viewed as negative for the stock market. The image of the running of the bulls also indicates high risk and anxiety, which is also associated with a negative economic outlook.",2025-07-09,+0.61,up
071025_85f28ae8-fbb6-480c-9ce9-7e7dfd9129bb_540x.webp,Nvidia Is First to $4 Trillion,positive,"The headline indicates significant financial success for Nvidia, reaching a $4 trillion valuation, which is a positive development for the company and generally reflects well on the market for AI technology and related stocks.",2025-07-10,+0.27,up
071125_46c91000-6548-4f14-9524-9b7860e227a8_540x.webp,An All-American Upset Rocks the All England Club,neutral,The headline and image focus on a sports event (tennis upset) and do not directly relate to the stock market's performance or economic sentiment.,2025-07-11,-0.33,down
071225_540x.webp,Kraft Heinz Plans Breakup,neutral,"The headline indicates a potential restructuring of a major company (Kraft Heinz), which in isolation does not necessarily imply a positive or negative overall market sentiment. While a breakup can signal underlying issues, it can also be seen as a strategic move to unlock value.",2025-07-14,+0.14,up
071425_540x.webp,Recession Risk Seen Cooling Even Amid Turmoil on Tariffs,positive,"The headline indicates that the risk of recession is decreasing, which is a positive sign for the economy and the stock market. The image of a tennis champion celebrating a win reinforces this positive sentiment.",2025-07-14,+0.14,up
071525_540x.webp,Dimon Warns on Private Credit But Wants JPMorgan to Jump In,negative,"The headline warns of potential risks in private credit, suggesting a possible financial crisis. Jamie Dimon of JPMorgan warns of risks but wants JPMorgan to increase lending in this area. This contradictory information, combined with the word ""warns,"" suggests a negative sentiment.",2025-07-15,-0.40,down
071625_0c46daa4-761b-43aa-b57a-0bd1ce425edc_540x.webp,Wildfire Turns Grand Canyon Into a Hellscape,negative,"The headline refers to a wildfire turning the Grand Canyon into a hellscape, which is a negative event. The accompanying image reinforces this negative sentiment.",2025-07-16,+0.32,up
071725_540x.webp,Goldman Sachs Profit Surges On Higher Trading Revenue,positive,"The main headline suggests positive financial performance for a major investment bank. The front image, though depicting sectarian strife, does not directly negate the positive sentiment from the business headline. The focus of the paper is on the market news.",2025-07-17,+0.54,up
071825_540x.webp,Independent Fed Anchors Global System,negative,"The headline discusses Trump's tensions with Fed Chair Jerome Powell and suggests potential threats to the Fed's independence, coupled with an image of the Fed building under construction and a gate, signifies uncertainty and potential instability within the financial system.",2025-07-18,-0.01,down
071925_540x.webp,Chevron Closes Megadeal for Hess,positive,"The headline indicates a significant deal closure, which is generally viewed as a positive development for the involved companies and potentially the overall market. While the image depicts sectarian violence, the main story is the Chevron deal, which takes precedence for market sentiment.",2025-07-21,+0.14,up
072125_540x.webp,Economy Shows Swagger As Tariff Fears Ebb,positive,"The headline indicates a positive outlook for the economy due to diminishing concerns about tariffs. This, combined with the front-page image of a victorious golfer, suggests a general sense of optimism and strength.",2025-07-21,+0.14,up
072225_540x.webp,SoftBank and OpenAI Struggle To Launch Stargate AI Project,negative,"The headline suggests difficulties and setbacks in a major AI project, which could negatively impact investor confidence in SoftBank and OpenAI. The image highlights conflict, which will further depress the market.",2025-07-22,+0.06,up
072325_540x.webp,"U.S., Japan Reach Trade Deal; Reciprocal Levies Set at 15%",positive,"A trade deal between major economies like the U.S. and Japan is generally viewed as positive for the stock market as it promotes economic growth and stability. Also, headlines about Musk raising billions for xAI can be regarded as a sign of a healthy AI sector.",2025-07-23,+0.78,up
072425_540x.webp,Tariff Framework Takes Shape As U.S. Converges on EU Deal,positive,"The headline suggests progress on trade deals which reduces uncertainty, and there is a note that stocks rally on signs of progress in trade talks inside of this article. The image shows world leaders potentially making deals. Therefore, the sentiment is positive.",2025-07-24,+0.07,up
072525_540x.webp,"Asbestos, Toxic Soil, Inflation Drive Up Fed Renovation Costs",negative,"The headline and image, which depicts President Trump and Federal Reserve Chair Jerome Powell at a costly Fed renovation site, suggest financial strain and potential mismanagement. The inclusion of negative factors like ""asbestos, toxic soil, and inflation"" in relation to rising renovation costs paints a pessimistic picture for financial stability and economic outlook.",2025-07-25,+0.40,up
072625_540x.webp,Japan Gives $550 Billion Boost To Trump Sovereign-Fund Wish,positive,"The headline indicates a significant investment from Japan into the U.S., which is generally a positive sign for economic growth and the stock market. The image of civilians seeking safety due to geopolitical issues is not directly relevant to the market sentiment.",2025-07-28,+0.02,up
072825_540x.webp,More Americans Tap 401(k)s For Financial Emergencies,negative,"The headline indicates that Americans are increasingly using their retirement savings for emergencies, which is a negative sign for financial stability and the stock market's long-term health as it reflects economic hardship and potential future financial instability.",2025-07-28,+0.02,up
072925_540x.webp,Four Killed in Manhattan Office Tower Shooting,negative,"The headline and accompanying image of emergency personnel responding to a shooting at an office tower suggest a negative event, potentially creating uncertainty and risk aversion in the stock market.",2025-07-29,-0.30,down
073025_540x.webp,"As Gunman Stalked Building, Workers Hid, Erected Barriers",negative,"The headline and image depict a gunman stalking a building, leading to workers hiding and erecting barriers. This indicates a climate of fear and instability, negatively impacting market confidence.",2025-07-30,-0.12,down
073125_540x.webp,Economy Returns to Growth,positive,The headline states that the economy is returning to growth. The image shows a funeral. But the headline dominates. A growing economy would cause a positive market sentiment.,2025-07-31,-0.37,down
080125_540x.webp,Russian Barrage on Kyiv Kills at Least 13,negative,"The headline and front page image depict the aftermath of a deadly attack. The secondary headline of Ford being hurt by tarrifs is also mildly negative, so overall the sentiment is strongly negative.",2025-08-01,-1.60,down
080225_540x.webp,Hiring Slows Sharply in Summer,negative,"The headline indicates a slowdown in hiring, and the sub-headline ""Stocks and yields fall after data revisions suggest a weaker jobs market"" confirms the negative sentiment. The graph showing nonfarm payrolls is increasing, but it's an increase on downward revisions, which is still not a good sign.",2025-08-04,+1.47,up
080425_540x.webp,"For Unemployed Americans, Job Searches Take Longer",negative,"The headline and the related article discuss the increasing difficulty unemployed Americans are having finding jobs, which points to a weak labor market. This would have a negative impact on the stock market.",2025-08-04,+1.47,up
080525_540x.webp,More Israelis Question Morality Of Continued War in Gaza Strip,negative,"The headline and image, which depicts Israeli protesters marching, suggest a growing unease and questioning of the ongoing war. This uncertainty could negatively impact investor confidence, leading to a negative sentiment for the stock market.",2025-08-05,-0.49,down
080625_540x.webp,"Palantir's Bold Moves Pay Off In White House, on Wall Street",positive,"The headline indicates that Palantir's actions are yielding positive results on Wall Street, suggesting a positive outlook.",2025-08-06,+0.73,up
080725_540x.webp,Trump Sets 100% Chip Tariffs Unless Firms Invest in U.S.,negative,"The headline announces potential tariffs, which generally create uncertainty and are viewed negatively by the stock market. The image, while depicting a somber anniversary, does not strongly influence market sentiment relative to the tariff announcement.",2025-08-07,-0.08,down
080825_9f310b8e-f135-4314-bd40-8b14cd6dd131_540x.webp,"Israel Plans to Take Over All Of Gaza Strip, Netanyahu Says",negative,"The headline describes a major escalation in the Israeli-Palestinian conflict, while the image shows Palestinians rushing to collect humanitarian aid. This situation introduces geopolitical uncertainty, generally viewed negatively by markets, as it creates instability and could disrupt supply chains and investment flows.",2025-08-08,+0.78,up
080925_540x.webp,"Trump Tees Up Fannie, Freddie Offering",positive,"The headline and accompanying text suggests that the Trump administration is preparing to sell stock in Fannie Mae and Freddie Mac, a deal that could raise $30 billion. This news could be interpreted as positive for the market as it shows confidence in the economy and the potential for growth. A separate bullet mentions 'The stock market rallied on Friday. The S&P 500, Nasdaq and Dow rose 0.8%, 1% and 0.5%, respectively.",2025-08-11,-0.25,down
081125_540x.webp,Trump Secures A Cut of Chip Sales To China,positive,"The headline indicates that the Trump administration is securing a portion of chip sales to China, which suggests a positive development for U.S. companies and potentially the stock market. This is supported by the mention that Nvidia and AMD are involved. The image is of a baseball game.",2025-08-11,-0.25,down
081225_540x.webp,Explosion at U.S. Steel Plant Leaves Two Dead,negative,"The headline and the accompanying image of an explosion at a U.S. steel plant suggest negative consequences for the steel industry and possibly the broader market, due to potential disruptions in supply and investor concerns about safety and profitability.",2025-08-12,+1.13,up
081325_540x.webp,July Inflation Held Steady With 2.7% Rise,positive,"The headline indicates that inflation is stable, which is generally viewed positively for the stock market, as it reduces uncertainty and suggests that the economy is not overheating. Also, the article mentions ""Stocks rose Tuesday after the report, with the Dow Jones Industrial Average rising nearly 484 points"", indicating a positive movement following the release of the inflation data.",2025-08-13,+0.32,up
081425_540x.webp,Once-Nimble Ukrainian Army Slips Into Soviet-Era Rigidity,negative,"The headline and image (German Chancellor and Ukrainian President meeting in front of a helicopter) suggest a challenging situation in Ukraine. The headline implies a weakening of the Ukrainian army. While not directly about the stock market, geopolitical instability is generally viewed negatively, which is worsened by the negative headline.",2025-08-14,+0.03,up
081525_540x.webp,Blue States Seek Ways to Pull More Taxes From the Wealthy,negative,"The headline suggests that governments are looking to increase taxes on wealthy individuals. The image on the front page has people in New York City trying to escape the hot weather, so people aren't enjoying themselves, and state governments pulling more taxes is always a cause for worry. All of these factors point to a potentially negative outlook for the stock market.",2025-08-15,-0.29,down
081625_540x.webp,Summit Yields No Breakthrough,negative,"The headline ""Summit Yields No Breakthrough"", paired with the image of Trump and Putin, indicates a lack of progress on a significant geopolitical issue (likely the war in Ukraine). This uncertainty and lack of resolution typically create unease in the market, leading to a negative sentiment.",2025-08-18,-0.01,down
081825_540x.webp,Strong Crop of Earnings Eases Investors' Economic Concerns,positive,"The headline indicates that strong earnings reports are alleviating investors' concerns about the economy, which is generally a positive sign for the stock market. The image depicts protests in Israel but the main headline is about earnings, which is more relevant to the stock market.",2025-08-18,-0.01,down
081925_540x.webp,JPMorgan's $3 Billion Bet Shows NYC Office Revival,positive,"The headline suggests a strong economic recovery in NYC, specifically in the office space market, which is a positive indicator for the stock market.",2025-08-19,-0.59,down
082025_540x.webp,Surf's Up as Hurricane Erin Stirs Powerful Waves,neutral,"The headline and image relate to a hurricane and surfing; neither has a direct bearing on the stock market, so the sentiment is classified as neutral.",2025-08-20,-0.24,down
082125_540x.webp,"Israel to Call Up 60,000 Reservists for Gaza Move",negative,"The headline and image both point to heightened geopolitical instability. Military action indicated by the reservist call-up and the image of a tank suggest increased risk, which would negatively impact market sentiment.",2025-08-21,-0.40,down
082225_540x.webp,Court Voids $500 Million Trump Fine,neutral,"The headline focuses on a legal ruling involving Trump, which could have varying interpretations. The front page also contains the headline ""Biggest Retailers Prosper In Tariff Economy"" which suggest that at least part of the stock market is doing well. While the legal news is impactful, it doesn't necessarily indicate a broad market downturn or upturn. The image of the President visiting police officers is not directly related to market performance.",2025-08-22,+1.52,up
082325_540x.webp,Powell Raises Hopes of a Rate Cut,positive,The headline indicates a positive outlook for the stock market because rate cuts are generally seen as a positive catalyst for stock prices.,2025-08-25,-0.43,down
082525_540x.webp,Stagnant Hiring Is Rising Economic Hazard,negative,"The headline states 'Stagnant Hiring Is Rising Economic Hazard' which signifies concern about the economy. Also the front image depicts protestors, which is an indication of something negative.",2025-08-25,-0.43,down
082625_540x.webp,"Inside Intel's Difficult Dance, Unexpected Truce With Trump",neutral,"The headline and image describe a specific situation involving Intel and Trump, which doesn't directly indicate a broad positive or negative outlook for the entire stock market. It is more about a specific company and political situation.",2025-08-26,+0.41,up
082725_540x.webp,'Day of Disruption' Grips Israel in Call for War's End,negative,"The headline and image depict conflict and disruption, indicating instability and potentially negative impacts on markets.",2025-08-27,+0.24,up
082825_540x.webp,Nvidia's Sales Rise By 56% as AI Boom Rages On,positive,"The headline indicates a significant increase in Nvidia's sales, suggesting a positive trend in the AI sector and potentially for the stock market in general, despite some concerns in the article.",2025-08-28,+0.32,up
082925_540x.webp,Russian Strikes in Ukraine Take Heavy Civilian Toll,negative,"The headline and image depicting destruction in Ukraine suggest geopolitical instability and potential economic repercussions, creating a negative outlook for the stock market.",2025-08-29,-0.64,down
083025_540x.webp,Appeals Court Nixes Tariffs,neutral,"The headline indicates a legal challenge to tariffs, which could have mixed implications for the stock market (positive for importers, negative for domestic producers). The image of New Orleans remembering Katrina has no direct bearing on the stock market.",2025-09-02,-0.69,down
090225_540x.webp,Stocks In U.S. Stand At Their Priciest,negative,"The headline indicates stocks are expensive and the sub-headline warns that the S&P 500 is the most expensive it has ever been, which suggests a possible overvaluation and potential for a market correction.",2025-09-02,-0.69,down
090325_540x.webp,Google Dodges Worst Penalties,positive,"The headline indicates a favorable outcome for Google, suggesting a positive impact on its stock and potentially the broader market. Additionally, the article mentions Alphabet (Google's parent company) shares were up more than 8% in aftermarket trading.",2025-09-03,+0.51,up
090425_540x.webp,China Hosts U.S. Adversaries at a Show of Might,negative,"The headline and image of advanced military hardware suggest increased geopolitical tension and uncertainty, which is generally negative for the stock market.",2025-09-04,+0.83,up
090525_540x.webp,Fed's Cook Hit With Criminal Probe By DOJ,negative,"The main headline indicates legal trouble for a high-ranking Federal Reserve official, and the image is of RFK Jr. in a contentious situation. Both suggest instability and concern within the financial system, which is negative for the stock market.",2025-09-05,-0.32,down
090625_540x.webp,Labor Market Slows to a Crawl,negative,"The headline indicates a slowing labor market, which is generally a negative indicator for the stock market. The accompanying image of a collapsing building further reinforces a negative sentiment.",2025-09-08,+0.21,up
090825_540x.webp,Russia Strikes Ukraine Government Site in Kyiv,negative,"The headline and the associated image of a government building damaged by strikes suggest geopolitical instability, which is generally viewed negatively by the stock market.",2025-09-08,+0.21,up
090925_540x.webp,Hyundai Raid Bares Shortage Of Technical Skills in the U.S.,negative,"The headline points to a shortage of technical skills, while the image shows a violent clash in Nepal. Both suggest underlying problems or challenges that could negatively impact the stock market. Concerns about labor shortages and global instability usually correlate with investor uncertainty.",2025-09-09,+0.27,up
091025_540x.webp,Israel Strikes Hamas Leaders In Qatar Capital,negative,"The headline describes an attack, and the accompanying image shows a building that has been struck and is partially destroyed. This suggests instability and conflict, which are generally negative for markets.",2025-09-10,+0.30,up
091125_540x.webp,Conservative Activist Kirk Is Shot Dead,negative,"The headline and the image are about the death of a political activist, indicating a negative event and likely creating uncertainty in the market.",2025-09-11,+0.85,up
091225_540x.webp,Officials Sow Confusion in Hunt for Killer,negative,"The headline focuses on a manhunt for a killer and confusion among officials. The main image shows a person of interest being sought by the FBI. Both suggest violence and uncertainty, which is generally negative for the stock market.",2025-09-12,-0.05,down
091325_540x.webp,Utah Man Arrested in Kirk Killing,negative,"The headline and front image show mourners at a memorial for Charlie Kirk and the arrest of a man in connection with his killing, which is a negative event and does not suggest anything positive about the stock market.",2025-09-15,+0.47,up
091525_540x.webp,"Markets Stay Hot, Defying Economic Narrative",positive,The headline indicates that the stock market is performing well despite concerns about the economy. This suggests a positive sentiment.,2025-09-15,+0.47,up
091625_540x.webp,Beijing Regulator Says Nvidia Violated Antitrust Regulations,negative,"The headline indicates regulatory issues for Nvidia, a major chip company, during US-China trade talks, signaling potential economic and trade tensions, which is generally negative for the stock market. Also, the headline ""China, U.S. Edge Closer To a Deal On TikTok"" indicates uncertainty, but the picture is not relevant here.",2025-09-16,-0.13,down
091725_540x.webp,Israel Begins Ground Offensive To Destroy Hamas in Gaza City,negative,"The headline and image depict a ground offensive, suggesting geopolitical instability and conflict, which is generally negative for the stock market due to increased uncertainty and risk aversion.",2025-09-17,-0.10,down
091825_540x.webp,Fed Lowers Rates by a Quarter Point,positive,Lowering rates is generally seen as a positive action for the stock market.,2025-09-18,+0.48,up
091925_540x.webp,Budget Protests Clog Streets Across France,negative,"The headline and the image of protests suggest unrest and potential economic disruption, which is a negative signal for the stock market.",2025-09-19,+0.49,up
092025_540x.webp,Paris Completes the Comeback of Notre Dame,positive,"The headline and the accompanying image of the Notre Dame Cathedral's reopening indicate a sense of recovery and progress, which is generally perceived as positive. Additionally, the 'What's News' section mentions that 'Stocks closed the week at record highs' which reinforces the positive sentiment.",2025-09-22,+0.44,up
092225_540x.webp,"At Memorial, Trump Lauds Kirk As Martyr to Conservative Cause",negative,"The headline discusses a memorial, and the image shows a somber event with political undertones, suggesting a recent tragedy and potential for increased political tensions which could destabilize markets. The headline about H-1B visa fees also introduces uncertainty for companies.",2025-09-22,+0.44,up
092325_540x.webp,Nvidia Plans Big OpenAI Outlay,positive,"The headline indicates a significant investment in AI, which is driving up market values and is seen as a boom. Additionally, the article notes shares of Nvidia rose nearly 4% on the news.",2025-09-23,-0.55,down
092425_540x.webp,"Kyiv Can Win Lost Ground, Trump Says",negative,"The headline suggests uncertainty and potential loss of territory for Ukraine, which implies instability and a potential negative impact on global markets. The image shows Trump, who is associated with unpredictable policies, which further contributes to a negative sentiment.",2025-09-24,-0.28,down
092525_540x.webp,Deadly Typhoon Ragasa Slams Into Hong Kong,negative,"The headline describes a deadly typhoon, and the image shows the destruction it caused. This suggests potential disruptions to businesses and supply chains, which is negative for the stock market.",2025-09-25,-0.50,down
092625_540x.webp,Ex-FBI Head Comey Indicted As Trump Presses for Payback,negative,"The headline reports the indictment of a former FBI head, suggesting potential legal and political turmoil. The image likely depicts Comey, further emphasizing the negative news. This combined suggests a market possibly reacting negatively to uncertainty and instability.",2025-09-26,+0.59,up
092725_540x.webp,Netanyahu Says Israel's Critics 'Caved' to Pressure on Gaza War,negative,"The main headline and the image of Netanyahu at the UN discussing pressure related to the Gaza war suggest geopolitical tensions and potential instability, which are generally viewed negatively by the stock market. The headline also mentions 'critics' and 'caved' which usually implies conflict and a lack of resolution, which hurts investor confidence.",2025-09-29,+0.26,up
092925_540x.webp,"Trump, Lawmakers Set Talks On Averting Federal Shutdown",negative,"The headline indicates potential government shutdown, which is generally viewed negatively by the stock market. The article on the right side of the front page also warns that credit markets are hot and froth is a worry.",2025-09-29,+0.26,up
093025_540x.webp,"Trump Outlines Plan to End Gaza War, Threatens Hamas",negative,"The headline refers to conflict and threats, and the image depicts a tense political situation involving hostages and war. The overall context suggests instability and uncertainty, which is generally negative for the stock market.",2025-09-30,+0.41,up
100125_540x.webp,President Tells Military Brass To Fight 'Enemy Within' U.S.,negative,"The headline suggests internal conflict and potential instability within the U.S. The image shows a large gathering of military personnel, further reinforcing the idea of a looming conflict or crisis. The news of a federal shutdown contributes to the negative outlook.",2025-10-01,+0.34,up
100225_540x.webp,Parties Fight to Cast Shutdown Blame,negative,"The headline and the image of a park ranger closing a national monument due to a government shutdown suggests uncertainty and instability, which is generally negative for the stock market.",2025-10-02,+0.06,up
100325_540x.webp,Two Killed in Yom Kippur Attack at U.K. Temple,negative,"The headline describes a terrorist attack, and the image shows people grieving and being comforted. Both indicate a negative event with potential broader implications.",2025-10-03,+0.01,up
100425_540x.webp,L.A.'s Entertainment Economy Looks Like a Disaster Movie,negative,"The headline explicitly states that the L.A. entertainment economy is struggling, and the lead image shows fans reacting to a new release, but the article's focus on economic hardship in the industry points to negative economic sentiment.",2025-10-06,+0.36,up
100625_540x.webp,Meetings Aimed at Cease-Fire In Gaza Set to Start in Egypt,negative,"The headline describes meetings to establish a ceasefire in Gaza, but the image shows distressed people praying, suggesting a somber and anxious atmosphere due to the ongoing conflict. Both indicate a negative situation with international tension and conflict, which has a negative impact on the stock market.",2025-10-06,+0.36,up
100725_540x.webp,Regional Bank Mergers Heat Up With $10.9 Billion Comerica Deal,positive,"The headline suggests growth and consolidation in the banking sector, which is generally viewed favorably. Also, the OpenAI headline hints at an AI boom, positive for tech. Both headlines suggest a bullish outlook.",2025-10-07,-0.38,down
100825_540x.webp,Israelis Mark Anniversary of Hamas Massacre,negative,"The front page has a headline about the anniversary of a massacre and the main image is of a soldier mourning at a memorial. This creates a somber and negative tone, suggesting uncertainty and potentially instability, which are generally unfavorable for the stock market.",2025-10-08,+0.58,up
100925_540x.webp,"Israel, Hamas Agree on Hostage Deal",positive,"The headline indicates a positive development in international relations, potentially reducing uncertainty and promoting stability which is generally perceived as good for the stock market. The main image shows Macron ""struggling to maintain grip"" and the secondary headline ""Shutdown Starting to Exact Its Toll on Business"" are both negative but the hostage deal is a more impactful positive.",2025-10-09,-0.28,down
101025_540x.webp,Trump's Upside-Down Strategy Delivers Foreign Policy Victory,positive,"The headline states that Trump's strategy ""Delivers Foreign Policy Victory"" and the image shows people celebrating what appears to be a hostage release, implying a positive outcome, which suggests a positive sentiment.",2025-10-10,-2.71,down
101125_540x.webp,Trump to Impose New China Levy,negative,"The headline indicates renewed trade tensions with China, which is generally viewed negatively by the stock market due to the potential for economic disruption. Also, the stock market performance chart shows significant drops during the day.",2025-10-13,+1.56,up
101325_540x.webp,Israel Readies To Welcome Hostages Home,neutral,The headline and image about hostages being freed in Israel is not directly related to the stock market and does not indicate a positive or negative outlook.,2025-10-13,+1.56,up
101425_540x.webp,Trump Hails 'New Middle East',positive,"The headline suggests progress and potential stability in a region, which is likely to be perceived favorably by investors and markets. The image of freed hostages being welcomed home reinforces a positive sentiment of peace and resolution.",2025-10-14,-0.16,down
101525_540x.webp,"Wall Street Soars as Trading, Deals Rise",positive,"The headline explicitly states that Wall Street is soaring due to increased trading and deals. The image on the front page is of conflict in Madagascar, but does not appear to have relevance to the US stock market.",2025-10-15,+0.40,up
101625_540x.webp,Israelis Bury a Hostage as Pace of Handover Stalls,negative,"The headline and image depict a funeral during a hostage crisis. This creates a somber, fearful mood, suggesting instability and loss, which is unfavorable for market confidence.",2025-10-16,-0.63,down
101725_540x.webp,Violence Mars Mourning for Kenyan Politician,negative,"The headline describes violence and the image depicts unrest, which typically has a negative impact on market sentiment due to increased uncertainty and potential instability.",2025-10-17,+0.53,up
101825_540x.webp,Volatility Returns To Haunt Stock Market,negative,"The headline explicitly states that 'Volatility Returns To Haunt Stock Market,' suggesting a negative outlook. The article further elaborates on trade war, loan losses, and Wall Street's 'fear gauge' pushing up, reinforcing the negative sentiment.",2025-10-20,+1.07,up
102025_540x.webp,Congress Running Out of Time To Decide on Health Subsidies,negative,"The headline suggests uncertainty and potential negative consequences regarding health subsidies, and the main image shows thieves stealing jewels, both creating a general sense of instability and lack of security, which negatively influences sentiment for the stock market.",2025-10-20,+1.07,up
102125_540x.webp,Heist Offers Window on France's Broken Finances,negative,"The headline and image of a boarded-up Louvre Museum suggest financial struggles and instability in a major European economy, which can negatively impact global markets.",2025-10-21,+0.00,up
102225_540x.webp,Tech's Biggest Players Tether Futures to Altman and OpenAI,positive,"The headline suggests that major tech players are investing heavily in AI, specifically Altman's OpenAI, effectively making it too big to fail. The reference to ""futures"" being tethered indicates a belief in the growth and success of these investments, which is generally positive for the market.",2025-10-22,-0.53,down
102325_540x.webp,Unknown (image blocked by API),neutral,Image could not be processed by the API.,2025-10-23,+0.58,up
102425_540x.webp,Sanctions Strike Russia Lifeline,negative,"The headline ""Sanctions Strike Russia Lifeline"" and the image of Chinese officials with the caption about purges suggest uncertainty and potential economic instability, which is generally viewed negatively by the stock market.",2025-10-24,+0.79,up
102525_540x.webp,"Inflation Accelerates to 3%, But Is Less Than Expected",neutral,"The headline indicates rising inflation, which could be a negative signal, but the ""less than expected"" portion offsets this, creating a neutral overall outlook.",2025-10-27,+1.23,up
102725_540x.webp,Argentina Election Win Gives Milei a Mandate for Austerity,negative,"The headline mentions ""Austerity"" which generally implies government cutbacks and economic hardship. The main image shows a man celebrating, which might seem positive, but the context of austerity suggests the celebration is perhaps premature or the win will lead to difficult times.",2025-10-27,+1.23,up
102825_540x.webp,"Good Vibes for Stocks Return, Fueled by Earnings, Trade Talk",positive,The headline clearly indicates positive sentiment with good vibes returning to stocks.,2025-10-28,+0.23,up
102925_540x.webp,Layoffs Hit White-Collar Jobs,negative,"The headline indicates a negative economic trend due to widespread job losses among white-collar workers. The image of people displaced by a storm reinforces a sense of hardship and instability, further contributing to a negative outlook for the stock market.",2025-10-29,-0.00,down
103025_540x.webp,"Fed Cuts Rates, Powell Wary of More",neutral,"The headline indicates a rate cut, which is generally positive, but the accompanying statement that Powell is wary of more cuts suggests uncertainty and a potentially less positive outlook, resulting in a neutral sentiment. The image showing conflict in Gaza, while significant, is unlikely to influence the overall sentiment for the stock market, the Nvidia story at the bottom of the page should be considered however. ",2025-10-30,-0.99,down
103125_540x.webp,Trump Cuts China Tariffs After Xi Talks,neutral,"While the headline suggests positive movement with tariff cuts, the image shows Trump and Xi with subdued expressions, and the article itself hints at only a ""temporary detente"" and underlying issues remain. The secondary headline ""Trade Detente Brings Little Peace to Business"" also suggests limited positive impact.",2025-10-31,+0.26,up
110125_540x.webp,Nasdaq Winning Streak Reaches 7 Months,positive,"The headline and image both point towards a positive sentiment. The headline states Nasdaq's winning streak, and the image shows Jensen Huang from Nvidia, a company driving market growth. The article also mentions Nvidia becoming the world's first $5 trillion company.",2025-11-03,+0.17,up
110325_540x.webp,U.S. Employers Are Becoming More Comfortable With Layoffs,negative,"The headline and the graph of Amazon layoffs on the front page suggest a negative sentiment towards the stock market due to increasing layoffs, indicating potential economic downturn or restructuring within companies.",2025-11-03,+0.17,up
110425_540x.webp,Travel Industry Sounds Alarm Over Shutdown,negative,"The headline discusses an alarm over a shutdown in the travel industry, and the image shows grounded planes, indicating a negative impact on the travel sector and potentially the broader market due to economic disruption.",2025-11-04,-1.17,down
110525_540x.webp,Mamdani Leads Democratic Wins,neutral,"The headline refers to election results, which doesn't directly indicate stock market sentiment. The front page snippets about business and finance are mixed: some negative (major U.S. stock indexes retreated) and some positive (drugmakers raised offers), so the overall sentiment is neutral.",2025-11-05,+0.37,up
110625_540x.webp,Court Airs Skepticism on Tariffs,negative,"The headline suggests uncertainty and potential legal challenges regarding tariffs, which could negatively impact businesses and international trade, leading to stock market volatility. The image shows a politician in front of the earth, perhaps at the news conference, hinting international trade issues.",2025-11-06,-1.12,down
110725_540x.webp,Musk's Record Pay Plan Approved At Tesla,positive,"The headline highlights approval of a significant pay package for Elon Musk, viewed as a positive sign for Tesla stock performance and investor confidence.",2025-11-07,+0.13,up
110825_540x.webp,AI Boom Gets Dose Of Reality On Wall Street,negative,"The headline indicates that the AI boom is facing a reality check, and the subheadline mentions tech stocks dragging the Nasdaq down due to worries of hype and stretched valuations. This suggests a negative sentiment for the stock market.",2025-11-10,+1.54,up
111025_f3459b26-390e-4ea0-8100-8cc3541093dc_540x.webp,Markets Hold Back Rewards for Solid Earnings,negative,"The headline and image of political figures suggest uncertainty. While earnings are solid, the market isn't responding positively, indicating investor hesitation or concerns about valuations and the overall economic outlook.",2025-11-10,+1.54,up
111125_540x.webp,"Shareholders Drive Economy, But Everyone Else Is Wary",negative,"The headline indicates that while shareholders are benefiting, there's a general sense of wariness in the economy, suggesting potential instability or risks that could negatively impact the stock market in the future. The graph showing only the top 20% of earners doing well only reinforces the negative sentiment.",2025-11-11,+0.21,up
111225_540x.webp,December Rate-Cut Decision Divides The Fed,negative,"The headline discusses division within the Fed regarding interest rate cuts, and mentions 'data blackout fueled inflation hawks' bid to pause reductions,' suggesting uncertainty and potential headwinds for the stock market. This implies a negative sentiment.",2025-11-12,+0.06,up
111325_540x.webp,"After 232 Years, U.S. Is Down to the Last Penny",negative,The headline paired with the image of pennies implies a negative sentiment regarding the U.S. financial situation.,2025-11-13,-1.66,down
111425_540x.webp,Things Are Looking Up as Government Reopens,positive,The headline indicates a positive outlook due to the government reopening. The image showing a tour group looking upwards at the Capitol Rotunda reinforces the sense of optimism and recovery.,2025-11-14,-0.05,down
111525_540x.webp,Buy-the-Dip Investors Rescue Market From a Dismal Week,positive,"The headline suggests a recovery and resilience in the stock market despite a potentially negative start. The image of destruction in Kyiv, while concerning globally, doesn't directly influence the sentiment of the stock market based on the provided instructions.",2025-11-17,-0.92,down
111725_540x.webp,The Bond Market Is Headed For Its Best Year Since 2020,positive,"The headline highlights a positive trend in the bond market, suggesting investor confidence and potential gains. The image is of people cheering which could represent positive momentum in the stock market.",2025-11-17,-0.92,down
111825_540x.webp,Market Selloff Deepens As Tech Slumps,negative,"The headline indicates a significant downturn in the stock market, particularly in the tech sector. This is further reinforced by the image showing a crowd expressing strong emotion, possibly indicative of the negative impact of these market conditions.",2025-11-18,-0.83,down
